study	individual	group	count	intervention	measurement_type	substance	tissue	method	label	time	time_unit	value	mean	mean_pm	sd	se	unit	comments
Seman2013	NA	EMP0.5	6	EMP0.5	renal threshold	glucose	urine	HPLC MS/MS	inhibtion_EMP0.5	NA	NA	NA	3.0379746835443	11.6455696202531	8.6075949367088	3.51403591791677	mg/l	units in mg/percent
Seman2013	NA	EMP2.5	6	EMP2.5	renal threshold	glucose	urine	HPLC MS/MS	inhibtion_EMP2.5	NA	NA	NA	12.1518987341772	15.6962025316455	3.5443037974683	1.44695596620101	mg/l	NA
Seman2013	NA	EMP10	6	EMP10	renal threshold	glucose	urine	HPLC MS/MS	inhibtion_EMP10	NA	NA	NA	30.886075949367	37.9746835443038	7.0886075949368	2.8939119324021	mg/l	NA
Seman2013	NA	EMP25	6	EMP25	renal threshold	glucose	urine	HPLC MS/MS	inhibtion_EMP25	NA	NA	NA	38.9873417721519	43.0379746835443	4.0506329113924	1.65366396137261	mg/l	NA
Seman2013	NA	EMP50	5	EMP50	renal threshold	glucose	urine	HPLC MS/MS	inhibtion_EMP50	NA	NA	NA	46.0759493670886	54.1772151898734	8.1012658227848	3.62299621670852	mg/l	NA
Seman2013	NA	EMP100	5	EMP100	renal threshold	glucose	urine	HPLC MS/MS	inhibtion_EMP100	NA	NA	NA	56.2025316455696	59.2405063291139	3.0379746835443	1.35862358126569	mg/l	NA
Seman2013	NA	EMP200	6	EMP200	renal threshold	glucose	urine	HPLC MS/MS	inhibtion_EMP200	NA	NA	NA	42.0253164556962	55.1898734177215	13.1645569620253	5.37440787446098	mg/l	NA
Seman2013	NA	EMP400	6	EMP400	renal threshold	glucose	urine	HPLC MS/MS	inhibtion_EMP400	NA	NA	NA	62.2784810126582	73.9240506329113	11.6455696202531	4.75428388894623	mg/l	NA
Seman2013	NA	EMP800	6	EMP800	renal threshold	glucose	urine	HPLC MS/MS	inhibtion_EMP800	NA	NA	NA	34.9367088607594	38.9873417721519	4.0506329113925	1.65366396137265	mg/l	NA
